Group,Technique
APT1,Input Capture
APT1,Web Service
APT1,Service Execution
APT1,System Network Connections Discovery
APT1,System Time Discovery
APT1,Pass the Hash
APT1,Security Software Discovery
APT1,DLL Injection
APT1,Process Discovery
APT1,DLL Search Order Hijacking
APT1,Security Support Provider
APT1,Network Share Connection Removal
APT1,Credential Dumping
APT1,Command-Line Interface
APT1,Account Manipulation
APT1,Scripting
APT1,Network Share Discovery
APT1,Remote Desktop Protocol
APT1,Data from Local System
APT1,System Service Discovery
APT1,Permission Groups Discovery
APT1,Masquerading
APT1,Remote System Discovery
APT1,Email Collection
APT1,Account Discovery
APT1,Fallback Channels
APT1,Data Compressed
APT1,System Network Configuration Discovery
APT1,Standard Cryptographic Protocol
APT1,Windows admin shares
APT1,Windows Admin Shares
APT1,Create Account
APT12,Commonly Used Port
APT12,Data Obfuscation
APT12,Standard Cryptographic Protocol
APT12,Standard Application Layer Protocol
APT12,APT12
APT16,Process Discovery
APT16,Standard Application Layer Protocol
APT16,File and Directory Discovery
APT16,Uncommonly Used Port
APT17,Web Service
APT17,Command-Line Interface
APT17,File and Directory Discovery
APT17,File Deletion
APT17,Multi-Stage Channels
APT17,Process Discovery
APT18,New Service
APT18,Input Capture
APT18,Indicator Removal on Host
APT18,Scheduled Task
APT18,Valid Accounts
APT18,at
APT18,Data Encoding
APT18,Process Discovery
APT18,DLL Search Order Hijacking
APT18,Commonly Used Port
APT18,Obfuscated Files or Information
APT18,Command-Line Interface
APT18,External Remote Services
APT18,Masquerading
APT18,Registry Run Keys / Start Folder
APT18,Remote File Copy
APT18,DLL Side-Loading
APT18,System Network Configuration Discovery
APT18,File and Directory Discovery
APT18,File Deletion
APT18,Standard Application Layer Protocol
APT18,System Information Discovery
APT28,New Service
APT28,Exfiltration Over Command and Control Channel
APT28,Obfuscated Files or Information
APT28,Standard Cryptographic Protocol
APT28,Input Capture
APT28,Replication Through Removable Media
APT28,Binary Padding
APT28,Execution through API
APT28,Scheduled Task
APT28,Communication Through Removable Media
APT28,Logon Scripts
APT28,Data Encoding
APT28,Peripheral Device Discovery
APT28,Screen Capture
APT28,System Owner/User Discovery
APT28,Pass the Hash
APT28,Security Software Discovery
APT28,Data Staged
APT28,Rundll32
APT28,Process Discovery
APT28,DLL Injection
APT28,Security Support Provider
APT28,Custom Cryptographic Protocol
APT28,Timestomp
APT28,Data Compressed
APT28,Query Registry
APT28,Automated Exfiltration
APT28,Launch Agent
APT28,Credential Dumping
APT28,CHOPSTICK
APT28,Account Manipulation
APT28,Data Obfuscation
APT28,Rootkit
APT28,Data Encrypted
APT28,Indicator Removal on Host
APT28,File and Directory Discovery
APT28,Exfiltration Over Physical Medium
APT28,Modify Registry
APT28,Automated Collection
APT28,Masquerading
APT28,Component Object Model Hijacking
APT28,Uncommonly Used Port
APT28,Access Token Manipulation
APT28,Hidden Files and Directories
APT28,ADVSTORESHELL
APT28,Downdelph
APT28,Bootkit
APT28,Network Service Scanning
APT28,Office Application Startup
APT28,Exploitation of Vulnerability
APT28,APT28
APT28,System Information Discovery
APT28,Scheduled Transfer
APT28,Command-Line Interface
APT28,Fallback Channels
APT28,Connection Proxy
APT28,Systeminfo
APT28,Data from Removable Media
APT28,BlackEnergy
APT28,File Deletion
APT28,Registry Run Keys / Start Folder
APT28,Standard Application Layer Protocol
APT28,Valid Accounts
APT28,Remote File Copy
APT28,Credentials in Files
APT29,Windows Management Instrumentation
APT29,New Service
APT29,Software Packing
APT29,Credential Dumping
APT29,Input Capture
APT29,Web Service
APT29,Indicator Removal on Host
APT29,Service Execution
APT29,Data from Network Shared Drive
APT29,Scheduled Task
APT29,System Time Discovery
APT29,Screen Capture
APT29,System Owner/User Discovery
APT29,Pass the Hash
APT29,Security Software Discovery
APT29,Automated Exfiltration
APT29,Rundll32
APT29,Process Discovery
APT29,Data Encoding
APT29,Security Support Provider
APT29,Timestomp
APT29,Data Compressed
APT29,Commonly Used Port
APT29,Exfiltration Over Alternative Protocol
APT29,Obfuscated Files or Information
APT29,Command-Line Interface
APT29,Account Manipulation
APT29,Data Obfuscation
APT29,Mimikatz
APT29,Bypass User Account Control
APT29,Account Discovery
APT29,SeaDuke
APT29,Data from Local System
APT29,Application Window Discovery
APT29,System Service Discovery
APT29,Shortcut Modification
APT29,Custom Cryptographic Protocol
APT29,Clipboard Data
APT29,Data from Removable Media
APT29,Registry Run Keys / Start Folder
APT29,Remote File Copy
APT29,Email Collection
APT29,Scripting
APT29,Exploitation of Vulnerability
APT29,System Information Discovery
APT29,Pass the Ticket
APT29,Fallback Channels
APT29,Connection Proxy
APT29,Data Transfer Size Limits
APT29,System Network Configuration Discovery
APT29,Standard Cryptographic Protocol
APT29,File and Directory Discovery
APT29,Windows Management Instrumentation Event Subscription
APT29,File Deletion
APT29,Standard Application Layer Protocol
APT29,CozyCar
APT29,Valid Accounts
APT29,Accessibility Features
APT29,PowerShell
APT29,Windows Admin Shares
APT3,New Service
APT3,Credential Dumping
APT3,Trusted Developer Utilities
APT3,Standard Non-Application Layer Protocol
APT3,Web Service
APT3,Multiband Communication
APT3,System Network Connections Discovery
APT3,Scheduled Task
APT3,Multi-Stage Channels
APT3,System Owner/User Discovery
APT3,Process Discovery
APT3,menuPass
APT3,Query Registry
APT3,Commonly Used Port
APT3,Obfuscated Files or Information
APT3,Command-Line Interface
APT3,Scripting
APT3,Uncommonly Used Port
APT3,Masquerading
APT3,Execution through API
APT3,netstat
APT3,Registry Run Keys / Start Folder
APT3,Remote System Discovery
APT3,Input Capture
APT3,Account Discovery
APT3,DLL Side-Loading
APT3,System Network Configuration Discovery
APT3,File and Directory Discovery
APT3,Standard Application Layer Protocol
APT3,PowerShell
APT30,Exfiltration Over Command and Control Channel
APT30,Standard Non-Application Layer Protocol
APT30,Replication Through Removable Media
APT30,Disabling Security Tools
APT30,Multi-Stage Channels
APT30,Data Staged
APT30,Process Discovery
APT30,Query Registry
APT30,APT30
APT30,Command-Line Interface
APT30,Data Obfuscation
APT30,Data Encrypted
APT30,Exfiltration Over Physical Medium
APT30,Data from Local System
APT30,Modify Registry
APT30,Shortcut Modification
APT30,Data from Removable Media
APT30,Registry Run Keys / Start Folder
APT30,SPACESHIP
APT30,Fallback Channels
APT30,Connection Proxy
APT30,Standard Cryptographic Protocol
APT30,File and Directory Discovery
APT30,Standard Application Layer Protocol
APT30,System Information Discovery
APT32,Windows Management Instrumentation
APT32,Application Deployment Software
APT32,Credential Dumping
APT32,Cobalt Strike
APT32,Input Capture
APT32,Multiband Communication
APT32,Service Execution
APT32,Network Service Scanning
APT32,Scheduled Task
APT32,Valid Accounts
APT32,System Owner/User Discovery
APT32,Standard Non-Application Layer Protocol
APT32,DLL Injection
APT32,Process Discovery
APT32,Regsvr32
APT32,Security Support Provider
APT32,Timestomp
APT32,Execution through API
APT32,Query Registry
APT32,Commonly Used Port
APT32,Obfuscated Files or Information
APT32,Indicator Removal from Tools
APT32,Command-Line Interface
APT32,Account Manipulation
APT32,Bypass User Account Control
APT32,Remote Desktop Protocol
APT32,Windows Remote Management
APT32,Application Window Discovery
APT32,Modify Registry
APT32,Masquerading
APT32,Access Token Manipulation
APT32,Remote System Discovery
APT32,Exploitation of Vulnerability
APT32,Custom Command and Control Protocol
APT32,Scheduled Transfer
APT32,Connection Proxy
APT32,File and Directory Discovery
APT32,File Deletion
APT32,Standard Application Layer Protocol
APT32,PsExec
APT32,Screen Capture
APT32,System Information Discovery
APT32,PowerShell
Axiom,Standard Non-Application Layer Protocol
Axiom,Timestomp
Axiom,File Deletion
Axiom,Connection Proxy
Axiom,Custom Cryptographic Protocol
Axiom,Credential Dumping
Axiom,System Information Discovery
Axiom,Command-Line Interface
Axiom,File and Directory Discovery
Axiom,Data Obfuscation
Axiom,Commonly Used Port
Axiom,System Owner/User Discovery
Axiom,Fallback Channels
Axiom,Accessibility Features
Axiom,Process Discovery
Axiom,Remote Desktop Protocol
Axiom,Regsvr32
Carbanak,New Service
Carbanak,Account Manipulation
Carbanak,netsh
Carbanak,Masquerading
Carbanak,Web Service
Carbanak,Service Execution
Carbanak,Credential Dumping
Carbanak,Standard Cryptographic Protocol
Carbanak,Disabling Security Tools
Carbanak,Connection Proxy
Carbanak,Valid Accounts
Carbanak,Standard Application Layer Protocol
Carbanak,Security Software Discovery
Carbanak,Input Capture
Carbanak,Rundll32
Carbanak,Netsh Helper DLL
Carbanak,Windows Admin Shares
Carbanak,Security Support Provider
Cleaver,New Service
Cleaver,Disabling Security Tools
Cleaver,Shortcut Modification
Cleaver,Input Capture
Cleaver,Service Execution
Cleaver,Credential Dumping
Cleaver,Command-Line Interface
Cleaver,Account Manipulation
Cleaver,Clipboard Data
Cleaver,Mimikatz
Cleaver,Registry Run Keys / Start Folder
Cleaver,Screen Capture
Cleaver,PsExec
Cleaver,Brute Force
Cleaver,Windows Credential Editor
Cleaver,Windows Admin Shares
Cleaver,Security Support Provider
Darkhotel,Category
Darkhotel,View form
Darkhotel,View history
Darkhotel,Group
Darkhotel,Input Capture
Darkhotel,Replication Through Removable Media
Darkhotel,Discussion
Darkhotel,↑
Darkhotel,Taint Shared Content
Darkhotel,Code Signing
Darkhotel,Page
Darkhotel,Page information
Darkhotel,Printable version
Darkhotel,Privacy policy
Darkhotel,Registry Run Keys / Start Folder
Darkhotel,
Darkhotel,Log in
Darkhotel,What links here
Darkhotel,Permanent link
Darkhotel,Main page
Darkhotel,Help
Darkhotel,Terms of Use
Darkhotel,Special pages
Darkhotel,Related changes
Deep Panda,Windows Management Instrumentation
Deep Panda,New Service
Deep Panda,Credential Dumping
Deep Panda,Web Shell
Deep Panda,Standard Non-Application Layer Protocol
Deep Panda,Service Execution
Deep Panda,System Network Connections Discovery
Deep Panda,Command-Line Interface
Deep Panda,System Owner/User Discovery
Deep Panda,Security Software Discovery
Deep Panda,Modify Registry
Deep Panda,Rundll32
Deep Panda,Process Discovery
Deep Panda,Regsvr32
Deep Panda,Network Share Connection Removal
Deep Panda,Tasklist
Deep Panda,System Information Discovery
Deep Panda,Commonly Used Port
Deep Panda,Obfuscated Files or Information
Deep Panda,Indicator Removal from Tools
Deep Panda,System Time Discovery
Deep Panda,Bypass User Account Control
Deep Panda,Scripting
Deep Panda,Network Share Discovery
Deep Panda,Timestomp
Deep Panda,Windows admin shares
Deep Panda,Derusbi
Deep Panda,System Service Discovery
Deep Panda,Permission Groups Discovery
Deep Panda,Custom Cryptographic Protocol
Deep Panda,Registry Run Keys / Start Folder
Deep Panda,Remote System Discovery
Deep Panda,Account Discovery
Deep Panda,Remote File Copy
Deep Panda,DLL Side-Loading
Deep Panda,Fallback Channels
Deep Panda,File and Directory Discovery
Deep Panda,File Deletion
Deep Panda,Standard Application Layer Protocol
Deep Panda,Accessibility Features
Deep Panda,PowerShell
Deep Panda,Windows Admin Shares
Deep Panda,Create Account
DragonOK,New Service
DragonOK,Trusted Developer Utilities
DragonOK,menuPass
DragonOK,DLL Side-Loading
DragonOK,Input Capture
DragonOK,Commonly Used Port
DragonOK,Multiband Communication
DragonOK,Query Registry
DragonOK,Standard Non-Application Layer Protocol
DragonOK,Execution through API
DragonOK,Command-Line Interface
DragonOK,Masquerading
DragonOK,Standard Cryptographic Protocol
DragonOK,Web Service
DragonOK,Registry Run Keys / Start Folder
DragonOK,Standard Application Layer Protocol
DragonOK,DLL Injection
Dragonfly,Software Packing
Dragonfly,Remote File Copy
Dragonfly,File Deletion
Dragonfly,Email Collection
Dragonfly,Credential Dumping
Dragonfly,File and Directory Discovery
Dragonfly,Data Obfuscation
Dragonfly,Registry Run Keys / Start Folder
Dragonfly,Screen Capture
Dragonfly,System Owner/User Discovery
Dragonfly,Data Encrypted
Dragonfly,Data Staged
Dragonfly,DLL Injection
Dragonfly,System Information Discovery
Dragonfly,Process Discovery
Dust Storm,New Service
Dust Storm,Obfuscated Files or Information
Dust Storm,Standard Non-Application Layer Protocol
Dust Storm,Indicator Removal on Host
Dust Storm,Screen Capture
Dust Storm,System Owner/User Discovery
Dust Storm,Data Encoding
Dust Storm,Timestomp
Dust Storm,Commonly Used Port
Dust Storm,Shortcut Modification
Dust Storm,Command-Line Interface
Dust Storm,Data from Local System
Dust Storm,System Service Discovery
Dust Storm,Masquerading
Dust Storm,Registry Run Keys / Start Folder
Dust Storm,Account Discovery
Dust Storm,System Information Discovery
Dust Storm,Fallback Channels
Dust Storm,Data Compressed
Dust Storm,System Network Configuration Discovery
Dust Storm,File and Directory Discovery
Dust Storm,File Deletion
Dust Storm,Standard Application Layer Protocol
Dust Storm,Remote File Copy
Dust Storm,Create Account
Equation,Category
Equation,Printable version
Equation,View form
Equation,Peripheral Device Discovery
Equation,Group
Equation,Help
Equation,Privacy policy
Equation,Discussion
Equation,Component Firmware
Equation,Main page
Equation,↑
Equation,View history
Equation,
Equation,Log in
Equation,What links here
Equation,Permanent link
Equation,Terms of Use
Equation,Page information
Equation,Special pages
Equation,Page
Equation,Related changes
FIN10,Category
FIN10,View form
FIN10,View history
FIN10,Group
FIN10,Discussion
FIN10,Scheduled Task
FIN10,↑
FIN10,Valid Accounts
FIN10,System Owner/User Discovery
FIN10,Page
FIN10,Page information
FIN10,Remote Desktop Protocol
FIN10,Printable version
FIN10,Privacy policy
FIN10,Registry Run Keys / Start Folder
FIN10,
FIN10,Log in
FIN10,What links here
FIN10,Permanent link
FIN10,Main page
FIN10,Scripting
FIN10,Help
FIN10,PowerShell
FIN10,File Deletion
FIN10,Terms of Use
FIN10,Remote File Copy
FIN10,Special pages
FIN10,Related changes
FIN6,Windows Credential Editor
FIN6,Exploitation of Vulnerability
FIN6,Data Encrypted
FIN6,Automated Collection
FIN6,Data Compressed
FIN6,Service Execution
FIN6,Credential Dumping
FIN6,Network Service Scanning
FIN6,Standard Cryptographic Protocol
FIN6,Scheduled Task
FIN6,Remote Desktop Protocol
FIN6,Windows Admin Shares
FIN6,Registry Run Keys / Start Folder
FIN6,Remote System Discovery
FIN6,Account Discovery
FIN6,PsExec
FIN6,Data Staged
FIN6,Valid Accounts
FIN6,PowerShell
FIN6,Scripting
FIN6,Standard Application Layer Protocol
FIN7,Windows Management Instrumentation
FIN7,Obfuscated Files or Information
FIN7,Masquerading
FIN7,Process Discovery
FIN7,Query Registry
FIN7,System Information Discovery
FIN7,Command-Line Interface
FIN7,Scheduled Task
FIN7,Standard Cryptographic Protocol
FIN7,File Deletion
FIN7,Application Shimming
FIN7,Registry Run Keys / Start Folder
FIN7,Screen Capture
FIN7,Standard Application Layer Protocol
FIN7,TEXTMATE
FIN7,Remote File Copy
FIN7,Input Capture
FIN7,PowerShell
GCMAN,Category
GCMAN,Printable version
GCMAN,View form
GCMAN,View history
GCMAN,Group
GCMAN,Help
GCMAN,Privacy policy
GCMAN,Discussion
GCMAN,Main page
GCMAN,↑
GCMAN,
GCMAN,Remote Services
GCMAN,What links here
GCMAN,Permanent link
GCMAN,Terms of Use
GCMAN,Page information
GCMAN,Special pages
GCMAN,Page
GCMAN,Related changes
GCMAN,Log in
Gamaredon Group,Exfiltration Over Command and Control Channel
Gamaredon Group,Peripheral Device Discovery
Gamaredon Group,File and Directory Discovery
Gamaredon Group,System Information Discovery
Gamaredon Group,Command-Line Interface
Gamaredon Group,Scheduled Task
Gamaredon Group,File Deletion
Gamaredon Group,Data from Removable Media
Gamaredon Group,Registry Run Keys / Start Folder
Gamaredon Group,Screen Capture
Gamaredon Group,Standard Application Layer Protocol
Gamaredon Group,Data Staged
Gamaredon Group,Rundll32
Gamaredon Group,Remote File Copy
Gamaredon Group,Scripting
Gamaredon Group,System Owner/User Discovery
Group5,Category
Group5,Software Packing
Group5,View history
Group5,Group
Group5,Input Capture
Group5,Discussion
Group5,View form
Group5,↑
Group5,Screen Capture
Group5,Obfuscated Files or Information
Group5,Page
Group5,Uncommonly Used Port
Group5,Page information
Group5,Printable version
Group5,Privacy policy
Group5,
Group5,Log in
Group5,What links here
Group5,Permanent link
Group5,Main page
Group5,Help
Group5,File Deletion
Group5,Terms of Use
Group5,Special pages
Group5,Related changes
Ke3chang,Exfiltration Over Command and Control Channel
Ke3chang,Service Execution
Ke3chang,System Network Connections Discovery
Ke3chang,System Time Discovery
Ke3chang,Process Discovery
Ke3chang,Network Share Connection Removal
Ke3chang,Credential Dumping
Ke3chang,Command-Line Interface
Ke3chang,Network Share Discovery
Ke3chang,Windows admin shares
Ke3chang,System Service Discovery
Ke3chang,Data Encrypted
Ke3chang,Permission Groups Discovery
Ke3chang,Remote System Discovery
Ke3chang,Account Discovery
Ke3chang,Data Compressed
Ke3chang,System Network Configuration Discovery
Ke3chang,File and Directory Discovery
Ke3chang,Data from Local System
Ke3chang,System Information Discovery
Ke3chang,Windows Admin Shares
Ke3chang,Create Account
Lazarus Group,New Service
Lazarus Group,Windows Management Instrumentation
Lazarus Group,Exfiltration Over Command and Control Channel
Lazarus Group,Input Capture
Lazarus Group,Multiband Communication
Lazarus Group,Disabling Security Tools
Lazarus Group,System Owner/User Discovery
Lazarus Group,Security Software Discovery
Lazarus Group,Data Staged
Lazarus Group,Process Discovery
Lazarus Group,Timestomp
Lazarus Group,netsh
Lazarus Group,Query Registry
Lazarus Group,Commonly Used Port
Lazarus Group,Exfiltration Over Alternative Protocol
Lazarus Group,Obfuscated Files or Information
Lazarus Group,Command-Line Interface
Lazarus Group,Account Manipulation
Lazarus Group,Data Encrypted
Lazarus Group,Uncommonly Used Port
Lazarus Group,Remote Desktop Protocol
Lazarus Group,Data from Local System
Lazarus Group,Connection Proxy
Lazarus Group,Custom Cryptographic Protocol
Lazarus Group,Access Token Manipulation
Lazarus Group,Bootkit
Lazarus Group,Registry Run Keys / Start Folder
Lazarus Group,Application Window Discovery
Lazarus Group,Custom Command and Control Protocol
Lazarus Group,System Information Discovery
Lazarus Group,Fallback Channels
Lazarus Group,Data Compressed
Lazarus Group,System Network Configuration Discovery
Lazarus Group,Standard Cryptographic Protocol
Lazarus Group,File and Directory Discovery
Lazarus Group,File Deletion
Lazarus Group,Brute Force
Lazarus Group,Remote File Copy
Lazarus Group,Netsh Helper DLL
Lazarus Group,Windows Admin Shares
Lotus Blossom,New Service
Lotus Blossom,System Network Configuration Discovery
Lotus Blossom,System Service Discovery
Lotus Blossom,Permission Groups Discovery
Lotus Blossom,Masquerading
Lotus Blossom,Custom Cryptographic Protocol
Lotus Blossom,Timestomp
Lotus Blossom,Obfuscated Files or Information
Lotus Blossom,Standard Cryptographic Protocol
Lotus Blossom,File and Directory Discovery
Lotus Blossom,Command-Line Interface
Lotus Blossom,Remote File Copy
Lotus Blossom,Binary Padding
Lotus Blossom,Registry Run Keys / Start Folder
Lotus Blossom,Standard Application Layer Protocol
Lotus Blossom,DLL Injection
Lotus Blossom,Data Encoding
Lotus Blossom,System Information Discovery
Lotus Blossom,Rundll32
Lotus Blossom,Account Discovery
MONSOON,Peripheral Device Discovery
MONSOON,Input Capture
MONSOON,Web Service
MONSOON,Replication Through Removable Media
MONSOON,Data from Network Shared Drive
MONSOON,Execution through API
MONSOON,Disabling Security Tools
MONSOON,Screen Capture
MONSOON,System Owner/User Discovery
MONSOON,Data Staged
MONSOON,Automated Exfiltration
MONSOON,Data Encoding
MONSOON,Credential Dumping
MONSOON,Command-Line Interface
MONSOON,Data Obfuscation
MONSOON,Bypass User Account Control
MONSOON,Data from Local System
MONSOON,Custom Cryptographic Protocol
MONSOON,Registry Run Keys / Start Folder
MONSOON,Obfuscated Files or Information
MONSOON,Process Hollowing
MONSOON,System Information Discovery
MONSOON,DLL Side-Loading
MONSOON,System Network Configuration Discovery
MONSOON,File and Directory Discovery
MONSOON,Remote File Copy
MONSOON,PowerShell
Moafee,Binary Padding
Moafee,Input Capture
Moafee,DLL Injection
Moafee,Standard Cryptographic Protocol
Molerats,Windows Management Instrumentation
Molerats,Obfuscated Files or Information
Molerats,Input Capture
Molerats,Replication Through Removable Media
Molerats,Credential Dumping
Molerats,Standard Cryptographic Protocol
Molerats,File and Directory Discovery
Molerats,Remote File Copy
Molerats,Registry Run Keys / Start Folder
Molerats,Standard Application Layer Protocol
Molerats,Fallback Channels
Molerats,Security Software Discovery
Molerats,DLL Injection
Molerats,System Information Discovery
Molerats,Process Discovery
Molerats,Code Signing
Naikon,Input Capture
Naikon,Service Execution
Naikon,System Network Connections Discovery
Naikon,Network Service Scanning
Naikon,Disabling Security Tools
Naikon,System Owner/User Discovery
Naikon,Security Software Discovery
Naikon,DLL Injection
Naikon,Process Discovery
Naikon,Network Share Connection Removal
Naikon,Commonly Used Port
Naikon,Exfiltration Over Alternative Protocol
Naikon,Shortcut Modification
Naikon,System Time Discovery
Naikon,Network Share Discovery
Naikon,Access Token Manipulation
Naikon,Windows admin shares
Naikon,System Service Discovery
Naikon,Permission Groups Discovery
Naikon,Masquerading
Naikon,Custom Cryptographic Protocol
Naikon,Registry Run Keys / Start Folder
Naikon,Remote System Discovery
Naikon,Account Discovery
Naikon,Remote File Copy
Naikon,Fallback Channels
Naikon,Connection Proxy
Naikon,System Network Configuration Discovery
Naikon,File and Directory Discovery
Naikon,Standard Application Layer Protocol
Naikon,System Information Discovery
Naikon,Netsh Helper DLL
Naikon,Windows Admin Shares
Naikon,Create Account
Night Dragon,Category
Night Dragon,Printable version
Night Dragon,Software Packing
Night Dragon,View history
Night Dragon,Group
Night Dragon,Help
Night Dragon,Privacy policy
Night Dragon,Discussion
Night Dragon,View form
Night Dragon,Main page
Night Dragon,↑
Night Dragon,
Night Dragon,Log in
Night Dragon,What links here
Night Dragon,Permanent link
Night Dragon,Terms of Use
Night Dragon,Page information
Night Dragon,Special pages
Night Dragon,Page
Night Dragon,Related changes
OilRig,Category
OilRig,Printable version
OilRig,View form
OilRig,View history
OilRig,Group
OilRig,Help
OilRig,Privacy policy
OilRig,Discussion
OilRig,Indicator Removal from Tools
OilRig,Main page
OilRig,↑
OilRig,
OilRig,Log in
OilRig,What links here
OilRig,Permanent link
OilRig,Terms of Use
OilRig,Page information
OilRig,Special pages
OilRig,Page
OilRig,Related changes
Patchwork,Category
Patchwork,Software Packing
Patchwork,View history
Patchwork,Group
Patchwork,Main page
Patchwork,Web Service
Patchwork,Discussion
Patchwork,View form
Patchwork,↑
Patchwork,System Owner/User Discovery
Patchwork,Security Software Discovery
Patchwork,Data Encoding
Patchwork,Credential Dumping
Patchwork,Command-Line Interface
Patchwork,Page
Patchwork,Bypass User Account Control
Patchwork,Page information
Patchwork,Remote Desktop Protocol
Patchwork,Data from Local System
Patchwork,Printable version
Patchwork,Masquerading
Patchwork,Privacy policy
Patchwork,Registry Run Keys / Start Folder
Patchwork,
Patchwork,Log in
Patchwork,What links here
Patchwork,Permanent link
Patchwork,Process Hollowing
Patchwork,System Information Discovery
Patchwork,Help
Patchwork,File and Directory Discovery
Patchwork,Related changes
Patchwork,Terms of Use
Patchwork,Remote File Copy
Patchwork,Special pages
Patchwork,PowerShell
PittyTiger,Input Capture
PittyTiger,Data Compressed
PittyTiger,Custom Cryptographic Protocol
PittyTiger,Credential Dumping
PittyTiger,Command-Line Interface
PittyTiger,Standard Cryptographic Protocol
PittyTiger,Account Manipulation
PittyTiger,File Deletion
PittyTiger,Valid Accounts
PittyTiger,Indicator Removal on Host
PittyTiger,DLL Injection
PittyTiger,Process Discovery
PittyTiger,Security Support Provider
Poseidon Group,Category
Poseidon Group,View form
Poseidon Group,View history
Poseidon Group,Group
Poseidon Group,Discussion
Poseidon Group,System Network Connections Discovery
Poseidon Group,↑
Poseidon Group,Process Discovery
Poseidon Group,Credential Dumping
Poseidon Group,Page
Poseidon Group,Page information
Poseidon Group,Printable version
Poseidon Group,System Service Discovery
Poseidon Group,Masquerading
Poseidon Group,Privacy policy
Poseidon Group,
Poseidon Group,Log in
Poseidon Group,What links here
Poseidon Group,Permanent link
Poseidon Group,Main page
Poseidon Group,Account Discovery
Poseidon Group,Help
Poseidon Group,PowerShell
Poseidon Group,Terms of Use
Poseidon Group,Special pages
Poseidon Group,Related changes
Putter Panda,Timestomp
Putter Panda,Command-Line Interface
Putter Panda,Custom Cryptographic Protocol
Putter Panda,Obfuscated Files or Information
Putter Panda,Standard Cryptographic Protocol
Putter Panda,File and Directory Discovery
Putter Panda,Redundant Access
Putter Panda,Disabling Security Tools
Putter Panda,File Deletion
Putter Panda,Registry Run Keys / Start Folder
Putter Panda,Standard Application Layer Protocol
Putter Panda,DLL Injection
Putter Panda,System Information Discovery
Putter Panda,Process Discovery
Putter Panda,Credentials in Files
RTM,Peripheral Device Discovery
RTM,Input Capture
RTM,Web Service
RTM,Indicator Removal on Host
RTM,Scheduled Task
RTM,System Time Discovery
RTM,Screen Capture
RTM,System Owner/User Discovery
RTM,Security Software Discovery
RTM,Rundll32
RTM,Process Discovery
RTM,Code Signing
RTM,Obfuscated Files or Information
RTM,Command-Line Interface
RTM,Bypass User Account Control
RTM,Modify Registry
RTM,Automated Collection
RTM,Custom Cryptographic Protocol
RTM,Clipboard Data
RTM,Registry Run Keys / Start Folder
RTM,Install Root Certificate
RTM,Custom Command and Control Protocol
RTM,Remote File Copy
RTM,File and Directory Discovery
RTM,File Deletion
RTM,System Information Discovery
Sandworm Team,New Service
Sandworm Team,Windows Management Instrumentation
Sandworm Team,Peripheral Device Discovery
Sandworm Team,Input Capture
Sandworm Team,Indicator Removal on Host
Sandworm Team,System Network Connections Discovery
Sandworm Team,Screen Capture
Sandworm Team,File System Permissions Weakness
Sandworm Team,Process Discovery
Sandworm Team,DLL Injection
Sandworm Team,Credentials in Files
Sandworm Team,Tasklist
Sandworm Team,Bypass User Account Control
Sandworm Team,ipconfig
Sandworm Team,Shortcut Modification
Sandworm Team,Network Service Scanning
Sandworm Team,netstat
Sandworm Team,Registry Run Keys / Start Folder
Sandworm Team,Fallback Channels
Sandworm Team,Systeminfo
Sandworm Team,route
Sandworm Team,System Network Configuration Discovery
Sandworm Team,File and Directory Discovery
Sandworm Team,File Deletion
Sandworm Team,Standard Application Layer Protocol
Sandworm Team,PsExec
Sandworm Team,System Information Discovery
Sandworm Team,Windows Admin Shares
Scarlet Mimic,Exfiltration Over Command and Control Channel
Scarlet Mimic,Timestomp
Scarlet Mimic,Input Capture
Scarlet Mimic,Custom Cryptographic Protocol
Scarlet Mimic,System Information Discovery
Scarlet Mimic,Standard Cryptographic Protocol
Scarlet Mimic,File and Directory Discovery
Scarlet Mimic,Command-Line Interface
Scarlet Mimic,Data Obfuscation
Scarlet Mimic,Standard Application Layer Protocol
Scarlet Mimic,Uncommonly Used Port
Scarlet Mimic,Remote File Copy
Scarlet Mimic,Process Discovery
Scarlet Mimic,Data from Local System
Stealth Falcon,Windows Management Instrumentation
Stealth Falcon,Category
Stealth Falcon,Exfiltration Over Command and Control Channel
Stealth Falcon,View history
Stealth Falcon,Group
Stealth Falcon,Discussion
Stealth Falcon,View form
Stealth Falcon,Scheduled Task
Stealth Falcon,↑
Stealth Falcon,System Owner/User Discovery
Stealth Falcon,Process Discovery
Stealth Falcon,Query Registry
Stealth Falcon,Credential Dumping
Stealth Falcon,Main page
Stealth Falcon,Page information
Stealth Falcon,Data from Local System
Stealth Falcon,Printable version
Stealth Falcon,Privacy policy
Stealth Falcon,
Stealth Falcon,Log in
Stealth Falcon,What links here
Stealth Falcon,Permanent link
Stealth Falcon,Page
Stealth Falcon,Scripting
Stealth Falcon,Help
Stealth Falcon,System Network Configuration Discovery
Stealth Falcon,Standard Cryptographic Protocol
Stealth Falcon,Related changes
Stealth Falcon,Standard Application Layer Protocol
Stealth Falcon,Terms of Use
Stealth Falcon,System Information Discovery
Stealth Falcon,Special pages
Stealth Falcon,PowerShell
Strider,Credential Dumping
Strider,Standard Non-Application Layer Protocol
Strider,System Network Connections Discovery
Strider,Scheduled Task
Strider,Disabling Security Tools
Strider,System Owner/User Discovery
Strider,Security Software Discovery
Strider,DLL Injection
Strider,Process Discovery
Strider,Exfiltration Over Alternative Protocol
Strider,Obfuscated Files or Information
Strider,Uncommonly Used Port
Strider,Exfiltration Over Physical Medium
Strider,Masquerading
Strider,Network Service Scanning
Strider,Data from Removable Media
Strider,Remote System Discovery
Strider,Input Capture
Strider,Account Discovery
Strider,Exploitation of Vulnerability
Strider,System Information Discovery
Strider,Connection Proxy
Strider,System Network Configuration Discovery
Strider,Standard Cryptographic Protocol
Strider,File and Directory Discovery
Strider,File Deletion
Strider,Standard Application Layer Protocol
Strider,Remote File Copy
Suckfly,New Service
Suckfly,Masquerading
Suckfly,Commonly Used Port
Suckfly,Credential Dumping
Suckfly,Network Service Scanning
Suckfly,Command-Line Interface
Suckfly,Standard Cryptographic Protocol
Suckfly,Valid Accounts
Suckfly,Remote File Copy
Suckfly,Code Signing
Taidoor,Category
Taidoor,Printable version
Taidoor,View form
Taidoor,View history
Taidoor,Group
Taidoor,Help
Taidoor,Privacy policy
Taidoor,Discussion
Taidoor,Standard Cryptographic Protocol
Taidoor,Main page
Taidoor,↑
Taidoor,
Taidoor,Log in
Taidoor,What links here
Taidoor,Permanent link
Taidoor,Terms of Use
Taidoor,Page information
Taidoor,Special pages
Taidoor,Page
Taidoor,Related changes
Threat Group-1314,Network Share Connection Removal
Threat Group-1314,Third-party Software
Threat Group-1314,System Service Discovery
Threat Group-1314,Permission Groups Discovery
Threat Group-1314,Windows admin shares
Threat Group-1314,Service Execution
Threat Group-1314,System Network Connections Discovery
Threat Group-1314,Command-Line Interface
Threat Group-1314,System Time Discovery
Threat Group-1314,Remote System Discovery
Threat Group-1314,Account Discovery
Threat Group-1314,Network Share Discovery
Threat Group-1314,Valid Accounts
Threat Group-1314,Windows Admin Shares
Threat Group-1314,Create Account
Threat Group-3390,gsecdump
Threat Group-3390,New Service
Threat Group-3390,Obfuscated Files or Information
Threat Group-3390,Trusted Developer Utilities
Threat Group-3390,Web Shell
Threat Group-3390,Input Capture
Threat Group-3390,Web Service
Threat Group-3390,Multiband Communication
Threat Group-3390,Service Execution
Threat Group-3390,Network Service Scanning
Threat Group-3390,Scheduled Task
Threat Group-3390,System Time Discovery
Threat Group-3390,Disabling Security Tools
Threat Group-3390,PlugX
Threat Group-3390,Windows admin shares
Threat Group-3390,Valid Accounts
Threat Group-3390,at
Threat Group-3390,Data Staged
Threat Group-3390,Execution through API
Threat Group-3390,DLL Search Order Hijacking
Threat Group-3390,Security Support Provider
Threat Group-3390,Network Share Connection Removal
Threat Group-3390,Timestomp
Threat Group-3390,Permission Groups Discovery
Threat Group-3390,menuPass
Threat Group-3390,Query Registry
Threat Group-3390,Commonly Used Port
Threat Group-3390,Credential Dumping
Threat Group-3390,Command-Line Interface
Threat Group-3390,Redundant Access
Threat Group-3390,Account Manipulation
Threat Group-3390,Mimikatz
Threat Group-3390,External Remote Services
Threat Group-3390,Data Encrypted
Threat Group-3390,Data from Local System
Threat Group-3390,Standard Application Layer Protocol
Threat Group-3390,China Chopper
Threat Group-3390,Threat Group-3390
Threat Group-3390,System Service Discovery
Threat Group-3390,Network Share Discovery
Threat Group-3390,Automated Collection
Threat Group-3390,Masquerading
Threat Group-3390,System Network Connections Discovery
Threat Group-3390,HTTPBrowser
Threat Group-3390,Remote System Discovery
Threat Group-3390,Account Discovery
Threat Group-3390,Standard Non-Application Layer Protocol
Threat Group-3390,Exploitation of Vulnerability
Threat Group-3390,DLL Side-Loading
Threat Group-3390,Data Compressed
Threat Group-3390,Data Transfer Size Limits
Threat Group-3390,System Network Configuration Discovery
Threat Group-3390,File and Directory Discovery
Threat Group-3390,File Deletion
Threat Group-3390,Registry Run Keys / Start Folder
Threat Group-3390,Windows Remote Management
Threat Group-3390,Remote File Copy
Threat Group-3390,PowerShell
Threat Group-3390,Windows Admin Shares
Threat Group-3390,Create Account
Turla,Software Packing
Turla,Service Execution
Turla,System Network Connections Discovery
Turla,Security Software Discovery
Turla,Modify Registry
Turla,Process Discovery
Turla,Code Signing
Turla,Turla
Turla,Query Registry
Turla,System Time Discovery
Turla,Network Share Discovery
Turla,Windows admin shares
Turla,System Service Discovery
Turla,Permission Groups Discovery
Turla,Network Share Connection Removal
Turla,Component Object Model Hijacking
Turla,Remote System Discovery
Turla,Account Discovery
Turla,System Network Configuration Discovery
Turla,File and Directory Discovery
Turla,Brute Force
Turla,Rootkit
Turla,Standard Application Layer Protocol
Turla,System Information Discovery
Turla,Windows Admin Shares
Turla,Create Account
Winnti Group,New Service
Winnti Group,Masquerading
Winnti Group,Rootkit
Winnti Group,Rundll32
Winnti Group,Process Discovery
Winnti Group,Code Signing
admin@338,Input Capture
admin@338,Web Service
admin@338,Service Execution
admin@338,System Network Connections Discovery
admin@338,System Time Discovery
admin@338,DLL Injection
admin@338,Network Share Connection Removal
admin@338,Commonly Used Port
admin@338,Standard Non-Application Layer Protocol
admin@338,Command-Line Interface
admin@338,Network Share Discovery
admin@338,Windows admin shares
admin@338,System Service Discovery
admin@338,Permission Groups Discovery
admin@338,Masquerading
admin@338,Remote System Discovery
admin@338,Account Discovery
admin@338,System Information Discovery
admin@338,LOWBALL
admin@338,System Network Configuration Discovery
admin@338,Standard Cryptographic Protocol
admin@338,File and Directory Discovery
admin@338,Standard Application Layer Protocol
admin@338,Remote File Copy
admin@338,Windows Admin Shares
admin@338,Create Account
menuPass,Windows Management Instrumentation
menuPass,New Service
menuPass,Obfuscated Files or Information
menuPass,Trusted Developer Utilities
menuPass,Input Capture
menuPass,Web Service
menuPass,Multiband Communication
menuPass,Service Execution
menuPass,Data from Network Shared Drive
menuPass,Ping
menuPass,Scheduled Task
menuPass,System Time Discovery
menuPass,Disabling Security Tools
menuPass,PlugX
menuPass,Valid Accounts
menuPass,System Owner/User Discovery
menuPass,Data Staged
menuPass,DLL Injection
menuPass,Process Discovery
menuPass,DLL Search Order Hijacking
menuPass,Security Support Provider
menuPass,Network Share Connection Removal
menuPass,Execution through API
menuPass,System Network Connections Discovery
menuPass,Query Registry
menuPass,Commonly Used Port
menuPass,Credential Dumping
menuPass,Command-Line Interface
menuPass,Account Manipulation
menuPass,Code Signing
menuPass,Network Share Discovery
menuPass,Custom Cryptographic Protocol
menuPass,Video Capture
menuPass,File Deletion
menuPass,Remote Desktop Protocol
menuPass,Windows admin shares
menuPass,Standard Application Layer Protocol
menuPass,System Service Discovery
menuPass,Permission Groups Discovery
menuPass,Masquerading
menuPass,Network Service Scanning
menuPass,Uncommonly Used Port
menuPass,Registry Run Keys / Start Folder
menuPass,Remote System Discovery
menuPass,Audio Capture
menuPass,Account Discovery
menuPass,Standard Non-Application Layer Protocol
menuPass,Custom Command and Control Protocol
menuPass,System Information Discovery
menuPass,menuPass
menuPass,DLL Side-Loading
menuPass,Connection Proxy
menuPass,System Network Configuration Discovery
menuPass,Standard Cryptographic Protocol
menuPass,File and Directory Discovery
menuPass,Data Compressed
menuPass,Remote Services
menuPass,Screen Capture
menuPass,Remote File Copy
menuPass,PowerShell
menuPass,Windows Admin Shares
menuPass,Create Account
